<?xml version="1.0" encoding="UTF-8"?>
<jcr:root xmlns:sling="http://sling.apache.org/jcr/sling/1.0" xmlns:cq="http://www.day.com/jcr/cq/1.0" xmlns:jcr="http://www.jcp.org/jcr/1.0" xmlns:nt="http://www.jcp.org/jcr/nt/1.0"
    jcr:primaryType="nt:unstructured">
    <content jcr:primaryType="nt:unstructured">
        <items jcr:primaryType="nt:unstructured">
            <tabs jcr:primaryType="nt:unstructured">
                <items jcr:primaryType="nt:unstructured">
                    <properties jcr:primaryType="nt:unstructured">
                        <items jcr:primaryType="nt:unstructured">
                            <column jcr:primaryType="nt:unstructured">
                                <items jcr:primaryType="nt:unstructured">
                                    <desktopMaxItems
                                        jcr:primaryType="nt:unstructured"
                                        sling:resourceType="granite/ui/components/coral/foundation/form/numberfield"
                                        fieldLabel="Desktop Max Items"
                                        fieldDescription="Maximum number of items displayed in the list. Empty for all items."
                                        name="./desktopMaxItems"
                                        min="{Long}0"/>
                                    <mobileMaxItems
                                        jcr:primaryType="nt:unstructured"
                                        sling:resourceType="granite/ui/components/coral/foundation/form/numberfield"
                                        fieldLabel="Mobile Max Items"
                                        fieldDescription="Maximum number of items displayed in the list. Empty for all items."
                                        name="./mobileMaxItems"
                                        min="{Long}0"/>
                                    <needShowMore
                                        jcr:primaryType="nt:unstructured"
                                        sling:resourceType="granite/ui/components/coral/foundation/form/checkbox"
                                        fieldDescription="If checked, the show more button will be displayed."
                                        name="./needShowMore"
                                        text="Need Show More"
                                        value="{Boolean}true"/>
                                    <ctaLinkLabel
                                        jcr:primaryType="nt:unstructured"
                                        sling:resourceType="granite/ui/components/coral/foundation/form/textfield"
                                        fieldDescription="Label for CTA Link"
                                        fieldLabel="CTA Link Label"
                                        name="./ctaLinkLabel"/>
                                    <ctaLink
                                        jcr:primaryType="nt:unstructured"
                                        sling:resourceType="granite/ui/components/coral/foundation/form/pathbrowser"
                                        fieldLabel="CTA Link"
                                        name="./ctaLink"/>
                                    <newTab
                                        jcr:primaryType="nt:unstructured"
                                        sling:resourceType="granite/ui/components/coral/foundation/form/checkbox"
                                        fieldDescription="If checked, the Button Link will open in a new window when clicked by the user."
                                        name="./newTab"
                                        text="Open CTA Link in New Tab"
                                        value="{Boolean}true"/>
                                </items>
                            </column>
                        </items>
                    </properties>
                </items>
            </tabs>
        </items>
    </content>
</jcr:root>
